epoch,train_loss,val_loss,fold
1,0.3774776440113783,0.42543458938598633,1
2,0.21261310949921608,0.3518364429473877,1
3,0.14391188044101,0.22716951370239258,1
4,0.13104705326259136,0.1901252418756485,1
5,0.1087737325578928,0.120925672352314,1
6,0.09700293932110071,0.11362376809120178,1
7,0.08732272032648325,0.11707495898008347,1
8,0.09329449571669102,0.1119765117764473,1
9,0.08828202728182077,0.11578812450170517,1
10,0.08457511756569147,0.1215461865067482,1
11,0.07903216267004609,0.10521351546049118,1
12,0.07826855592429638,0.09919904917478561,1
13,0.07187114330008626,0.11856768280267715,1
14,0.06771090067923069,0.10395558923482895,1
15,0.06804008269682527,0.10718020796775818,1
16,0.06490432098507881,0.0941561833024025,1
17,0.06696339696645737,0.10572990030050278,1
18,0.06243734899908304,0.1028900146484375,1
19,0.0594940111041069,0.12143021076917648,1
20,0.06478835083544254,0.10591422766447067,1
21,0.05975867575034499,0.08633094280958176,1
22,0.06300564063712955,0.1130148395895958,1
23,0.05934259854257107,0.09685533493757248,1
24,0.05338062811642885,0.10017940402030945,1
25,0.052397764287889004,0.09999275207519531,1
26,0.04427192872390151,0.09830514341592789,1
27,0.047881622798740864,0.10566937923431396,1
28,0.047895999159663916,0.10446975380182266,1
29,0.053450629115104675,0.10570759326219559,1
30,0.04952534823678434,0.10052403062582016,1
31,0.042224854696542025,0.10539629310369492,1
32,0.042285650270059705,0.10601920634508133,1
33,0.04080722527578473,0.09767211228609085,1
34,0.04171017021872103,0.10613162070512772,1
35,0.04235703614540398,0.09214525669813156,1
36,0.042339532636106014,0.09818726032972336,1
37,0.03911877563223243,0.11782673001289368,1
38,0.038251426769420505,0.10667147487401962,1
39,0.039017022820189595,0.1101263239979744,1
40,0.03794813668355346,0.1220928356051445,1
41,0.04055586131289601,0.11943504214286804,1
42,0.037809015018865466,0.10092253237962723,1
43,0.04253188078291714,0.10174950957298279,1
44,0.03948734584264457,0.119507797062397,1
45,0.0380141471978277,0.10748887807130814,1
46,0.035355268977582455,0.09929776936769485,1
47,0.038974726339802146,0.0925198569893837,1
48,0.035017704125493765,0.09691832214593887,1
49,0.034137571696192026,0.09888093918561935,1
1,0.3296498755613963,0.07235179841518402,2
2,0.1826332708199819,0.04148333519697189,2
3,0.1322821080684662,0.04140695556998253,2
4,0.11349625719918145,0.048548176884651184,2
5,0.10407790541648865,0.045741062611341476,2
6,0.09080413232247035,0.05209706351161003,2
7,0.08809966676765019,0.046187203377485275,2
8,0.08256690204143524,0.058297958225011826,2
9,0.07651317699087991,0.08543365448713303,2
10,0.07288635397950809,0.06367999315261841,2
11,0.06557462157474624,0.0712757259607315,2
12,0.06780397767821948,0.0626557320356369,2
13,0.06719094225102001,0.061869245022535324,2
14,0.06052302072445551,0.08388461917638779,2
15,0.06496489296356837,0.07629654556512833,2
16,0.055190311951769724,0.09588000923395157,2
17,0.05030694852272669,0.07785587757825851,2
18,0.056056692368454404,0.07731305807828903,2
19,0.059072045816315547,0.0675569400191307,2
20,0.055688395268387265,0.0999201163649559,2
21,0.052162605027357735,0.0710444450378418,2
22,0.05123247827092806,0.08777130395174026,2
23,0.042823651598559484,0.07452955096960068,2
24,0.04447338026430872,0.08282650262117386,2
25,0.049814685765239924,0.0742923766374588,2
26,0.04940584426124891,0.09005565196275711,2
27,0.04057905885080496,0.0868544653058052,2
28,0.04363561711377568,0.07149741798639297,2
29,0.04346083104610443,0.08675358444452286,2
30,0.04661473466290368,0.07073471695184708,2
31,0.044531833173500165,0.09091833233833313,2
1,0.30860260874032974,0.10599809885025024,3
2,0.1798442706465721,0.06423541158437729,3
3,0.13962845951318742,0.05439676344394684,3
4,0.1080224297940731,0.04126723110675812,3
5,0.09814637824892998,0.050993647426366806,3
6,0.08813385814428329,0.05301846191287041,3
7,0.08036597482860089,0.060650840401649475,3
8,0.07845066301524639,0.05772947892546654,3
9,0.07977231219410896,0.05414395406842232,3
10,0.0763117678463459,0.06905103474855423,3
11,0.07091121338307857,0.06273993104696274,3
12,0.06779046654701233,0.05783626437187195,3
13,0.06208712346851826,0.06749587506055832,3
14,0.06311850994825363,0.07907021045684814,3
15,0.06199152842164039,0.05817225202918053,3
16,0.054277172312140465,0.04779095947742462,3
17,0.05513526797294617,0.05000852048397064,3
18,0.05827825590968132,0.048762694001197815,3
19,0.05193774923682213,0.05463595315814018,3
20,0.04578412845730782,0.053757667541503906,3
21,0.050852771289646624,0.047021880745887756,3
22,0.049370343796908855,0.05554509535431862,3
23,0.044596144929528236,0.05544762685894966,3
24,0.043285952508449556,0.06549977511167526,3
25,0.062122048996388915,0.05921809747815132,3
26,0.046574036963284014,0.053018126636743546,3
27,0.04252741150557995,0.05081423744559288,3
28,0.0445435993373394,0.05861933156847954,3
29,0.03687988556921482,0.07144773006439209,3
30,0.04242313150316477,0.05021495744585991,3
31,0.03724138308316469,0.06969839334487915,3
32,0.041919587180018425,0.049694519490003586,3
1,0.30149426514452154,0.20252670347690582,4
2,0.15096174451437863,0.15746822953224182,4
3,0.12931160019202667,0.09747076034545898,4
4,0.11471561681140553,0.09078776836395264,4
5,0.0939400087703358,0.08133098483085632,4
6,0.09269806742668152,0.07187066227197647,4
7,0.08448525382713838,0.06257741153240204,4
8,0.08379243754527786,0.06208202615380287,4
9,0.06506692618131638,0.060823071748018265,4
10,0.06329123133962805,0.06142394244670868,4
11,0.06525803763758052,0.07084611803293228,4
12,0.0683856565843929,0.05955944582819939,4
13,0.06333676386963237,0.061974164098501205,4
14,0.06237222830002958,0.05603501573204994,4
15,0.065035976130854,0.04941948130726814,4
16,0.06728846139528534,0.056448910385370255,4
17,0.052883105860515076,0.07028651982545853,4
18,0.056122485886920585,0.06344151496887207,4
19,0.0647267997264862,0.06345701217651367,4
20,0.056001216511834755,0.05669552460312843,4
21,0.0684961581772024,0.057870522141456604,4
22,0.060530171475627205,0.06589974462985992,4
23,0.051368062469092285,0.05811959505081177,4
24,0.052373001859946686,0.04939574375748634,4
25,0.04718459177423607,0.047906193882226944,4
26,0.04709063809026371,0.048355743288993835,4
27,0.05340683663433248,0.04806511476635933,4
28,0.04680860110304572,0.05684772506356239,4
29,0.05685735663229769,0.060060013085603714,4
30,0.049070767550305885,0.05188702419400215,4
31,0.0397087520157749,0.05128335952758789,4
32,0.04405187392099337,0.0483725480735302,4
33,0.04427170143886046,0.0489097498357296,4
34,0.04075838506899097,0.047279130667448044,4
35,0.046721607108007775,0.047803234308958054,4
36,0.042435552924871445,0.049328599125146866,4
37,0.04390754432163455,0.0477265864610672,4
38,0.045344496315175835,0.04601224884390831,4
39,0.04271460697054863,0.04788777232170105,4
40,0.05357014150782065,0.05061863362789154,4
41,0.03839541971683502,0.04930592700839043,4
42,0.037918000905351204,0.048118460923433304,4
43,0.03635656952180646,0.044213179498910904,4
44,0.045194022696126594,0.04231300577521324,4
45,0.04373692280866883,0.042899277061223984,4
46,0.045571866699240425,0.04501744732260704,4
47,0.031379971991885795,0.047638315707445145,4
48,0.048672541467980904,0.046150024980306625,4
49,0.03422268818725239,0.04553176835179329,4
50,0.035394351590763436,0.04753245785832405,4
51,0.047083558853377,0.05570455268025398,4
52,0.03289712745357643,0.04860488697886467,4
53,0.0351141615008766,0.04723997786641121,4
54,0.0375167823989283,0.044653650373220444,4
55,0.058224215426228264,0.04744120314717293,4
56,0.03202161734754389,0.047951873391866684,4
57,0.03590258414095098,0.04169563949108124,4
58,0.04161009429530664,0.04125579074025154,4
59,0.032394535331563515,0.04274279996752739,4
60,0.03484233096241951,0.03987591713666916,4
61,0.034086040475151756,0.038968514651060104,4
62,0.03488111597570506,0.03715962544083595,4
63,0.031023062426935543,0.044496651738882065,4
64,0.03494467484680089,0.043630316853523254,4
65,0.03138598291711374,0.03878604993224144,4
66,0.03332206065004522,0.037090644240379333,4
67,0.031814245845783844,0.043077703565359116,4
68,0.03798542967574163,0.04227238520979881,4
69,0.03546131723983721,0.03484281152486801,4
70,0.03737614845687693,0.03412507846951485,4
71,0.03187431445853277,0.04155111312866211,4
72,0.03365166332911362,0.04147188737988472,4
73,0.029011320830746132,0.04042645916342735,4
74,0.028787943788550117,0.04099012911319733,4
75,0.03258237293498083,0.04100240394473076,4
76,0.02844072374599901,0.0395255871117115,4
77,0.027184087444435467,0.0351376049220562,4
78,0.029318913478742947,0.03757833316922188,4
79,0.028949268500913273,0.040817178785800934,4
80,0.027421501888470215,0.03626085817813873,4
81,0.03232342360371893,0.04112504422664642,4
82,0.03154185668311336,0.037433091551065445,4
83,0.025489886037328026,0.03720339760184288,4
84,0.041659101251174106,0.04766961559653282,4
85,0.03231171213767745,0.04044434055685997,4
86,0.033647448840466415,0.04166962578892708,4
87,0.039624087173830376,0.040968213230371475,4
88,0.029090790078043938,0.03791678324341774,4
89,0.029986268756064503,0.042564649134874344,4
90,0.026661725376139988,0.0401618666946888,4
91,0.029895410788330166,0.03901567682623863,4
92,0.028005367314273662,0.03891047462821007,4
93,0.028660621494054794,0.0356595516204834,4
94,0.029495895755561916,0.036898061633110046,4
95,0.030236828056248752,0.03762110695242882,4
96,0.0362976687875661,0.040254537016153336,4
97,0.035058707506819206,0.03765363618731499,4
98,0.031078753315589645,0.036603014916181564,4
1,0.22610901431603866,0.04615047201514244,5
2,0.13892659883607517,0.035036053508520126,5
3,0.11000625789165497,0.044110432267189026,5
4,0.09087681804190982,0.06741724163293839,5
5,0.08650572327050296,0.045862432569265366,5
6,0.08072557706724513,0.04601500928401947,5
7,0.07034709880297835,0.0646660104393959,5
8,0.07185921953483061,0.05562417581677437,5
9,0.06566829200495373,0.07904147356748581,5
10,0.061413185840303246,0.07228849083185196,5
11,0.05580668083646081,0.07016917318105698,5
12,0.05270437015728517,0.07781504839658737,5
13,0.05195975337516178,0.09267422556877136,5
14,0.05439599772745913,0.08712590485811234,5
15,0.05316681042313576,0.07500012964010239,5
16,0.049580043351108376,0.08376254886388779,5
17,0.05101513659412211,0.0795675739645958,5
18,0.04456070776690136,0.06693466752767563,5
19,0.05034792186184363,0.09515135735273361,5
20,0.04200188866393133,0.07272761315107346,5
21,0.04721390591426329,0.09301996976137161,5
22,0.03955945423380895,0.07042574882507324,5
23,0.04257868298075416,0.12740372121334076,5
24,0.045619096268307076,0.07805538922548294,5
25,0.04381386867978356,0.08580651879310608,5
26,0.04587752439758994,0.07432316243648529,5
27,0.04289315336129882,0.11636243015527725,5
28,0.04234990342096849,0.07199187576770782,5
29,0.04018638367679986,0.1159188449382782,5
30,0.041727804324843666,0.09238874167203903,5
1,0.2508739909778039,0.1163603886961937,6
2,0.1457891557365656,0.11501879245042801,6
3,0.11424405003587405,0.0917528048157692,6
4,0.0998538142691056,0.10547449439764023,6
5,0.09258391832311948,0.0997176393866539,6
6,0.08017644130935271,0.10241181403398514,6
7,0.08230998429159324,0.09858617186546326,6
8,0.06981250271201134,0.11250477284193039,6
9,0.0733505751316746,0.11974427103996277,6
10,0.06779930740594864,0.12873095273971558,6
11,0.06642833569397529,0.11260025948286057,6
12,0.06410202228774627,0.1104341521859169,6
13,0.057569180925687156,0.11840727180242538,6
14,0.05547048461933931,0.11309120804071426,6
15,0.056959922735889755,0.10319928079843521,6
16,0.05572378759582838,0.11067506670951843,6
17,0.053009976322452225,0.12887312471866608,6
18,0.050131299222509064,0.09330516308546066,6
19,0.05020377536614736,0.09640789031982422,6
20,0.0464501203969121,0.1113564595580101,6
21,0.04801453339556853,0.1033683642745018,6
22,0.048325742284456887,0.09381850808858871,6
23,0.04626489197835326,0.11421582102775574,6
24,0.04792900445560614,0.09852266311645508,6
25,0.045520402335872255,0.09744316339492798,6
26,0.0440052238603433,0.11059961467981339,6
27,0.04327617368350426,0.09806913137435913,6
28,0.04054948718597492,0.096352718770504,6
29,0.04634250172724327,0.09123343229293823,6
30,0.037774095932642617,0.09374895691871643,6
31,0.03910530420641104,0.10019999742507935,6
32,0.03680672186116377,0.09132959693670273,6
33,0.03925020480528474,0.09379108995199203,6
34,0.04154527156303326,0.09036973863840103,6
35,0.03468497795984149,0.09398447722196579,6
36,0.037406333101292454,0.08740439265966415,6
37,0.0362889776006341,0.10544576495885849,6
38,0.0411522692690293,0.08544256538152695,6
39,0.0427643908187747,0.09794610738754272,6
40,0.03404327854514122,0.09655416756868362,6
41,0.03310225919509927,0.09431921690702438,6
42,0.03484744982173046,0.08045468479394913,6
43,0.03315767118086418,0.09085070341825485,6
44,0.03391271783038974,0.09353578090667725,6
45,0.0333275618031621,0.09300797432661057,6
46,0.03268512866149346,0.086451955139637,6
47,0.038200591846058764,0.09448143094778061,6
48,0.03610028667996327,0.0949268713593483,6
49,0.033854212456693254,0.09748119115829468,6
50,0.03144600118199984,0.08265190571546555,6
51,0.029126157828917105,0.09412296861410141,6
52,0.032249330853422485,0.09194528311491013,6
53,0.03228860984866818,0.08908145874738693,6
54,0.033989370645334326,0.08335685729980469,6
55,0.031936549271146454,0.091907799243927,6
56,0.027268613843868177,0.0873524472117424,6
57,0.03342258449022969,0.09220895171165466,6
58,0.03349160077050328,0.09016997367143631,6
59,0.033275230011592306,0.09196197241544724,6
60,0.031003981363028288,0.093061663210392,6
61,0.02895996595422427,0.08714208751916885,6
62,0.028944142473240692,0.08904746174812317,6
63,0.03618732436249653,0.08240950852632523,6
64,0.03137487747396032,0.08700460940599442,6
65,0.03187766531482339,0.08529603481292725,6
66,0.03183917018274466,0.07916653901338577,6
67,0.033855810295790434,0.08286520838737488,6
68,0.030650058295577765,0.09576442837715149,6
69,0.03049212461337447,0.08103222399950027,6
70,0.02684009975443284,0.08207856118679047,6
71,0.02903175229827563,0.08904995769262314,6
72,0.030037674276779096,0.08441650867462158,6
73,0.027885467279702425,0.07327823340892792,6
74,0.025917941937223077,0.08159240335226059,6
75,0.028358236110458773,0.078424371778965,6
76,0.025969622811923426,0.07756122201681137,6
77,0.0281701167114079,0.07422574609518051,6
78,0.026813682013501722,0.08477169275283813,6
79,0.028761628083884716,0.07641582936048508,6
80,0.029000465447704,0.07488386332988739,6
81,0.02802278349796931,0.08713751286268234,6
82,0.024938156673063833,0.07981105148792267,6
83,0.026875914850582678,0.08053771406412125,6
84,0.030501707922667265,0.08788623660802841,6
85,0.02675514528527856,0.08055415749549866,6
86,0.031391702902813755,0.07757610827684402,6
87,0.027547525086750586,0.07766261696815491,6
88,0.026598084873209398,0.07298827916383743,6
89,0.03004052583128214,0.0874183177947998,6
90,0.026655175257474184,0.07821280509233475,6
91,0.026391554158180952,0.08069104701280594,6
92,0.02331457535425822,0.07887756824493408,6
93,0.028922533228372533,0.08193975687026978,6
94,0.029855526362856228,0.08283241093158722,6
95,0.02551374165341258,0.08199293166399002,6
96,0.024358473097284634,0.08508133888244629,6
97,0.023019912807891767,0.08358985930681229,6
98,0.024067826724300783,0.0715528205037117,6
99,0.024462181298683088,0.08373415470123291,6
100,0.02679149837543567,0.08427542448043823,6
101,0.022815614007413387,0.08195210248231888,6
102,0.028005287516862154,0.07773613184690475,6
103,0.026190572107831638,0.07879328727722168,6
104,0.02767612210785349,0.08094466477632523,6
105,0.02433925463507573,0.08207514882087708,6
106,0.02411487838253379,0.07892706245183945,6
107,0.029428222837547462,0.08331041783094406,6
108,0.026099473936483264,0.07988268882036209,6
109,0.025802456463376682,0.0785461887717247,6
110,0.02805860371639331,0.07848075777292252,6
111,0.025169102164606254,0.07670773565769196,6
112,0.022698386417080958,0.08109696954488754,6
113,0.024531478295102715,0.0793832540512085,6
114,0.023783409191916387,0.07531783729791641,6
115,0.025084231824924547,0.07850902527570724,6
116,0.024308957469960053,0.0797794833779335,6
117,0.024995765493561823,0.07575684785842896,6
118,0.03070071463783582,0.07556364685297012,6
119,0.021888409663612645,0.08524083346128464,6
120,0.022089191246777773,0.07432514429092407,6
121,0.028553126535067957,0.08640223741531372,6
122,0.02431996096856892,0.07334201782941818,6
123,0.026021905553837616,0.0864325538277626,6
124,0.022454678469027083,0.0734541043639183,6
125,0.024198076998194058,0.08725211769342422,6
126,0.02730826645468672,0.07118313014507294,6
127,0.024157538854827482,0.07183327525854111,6
128,0.024640012222031753,0.0841582641005516,6
129,0.0210394817404449,0.08440665155649185,6
130,0.021143227815628052,0.07786053419113159,6
131,0.02089004699761669,0.07602492719888687,6
132,0.021975769738977153,0.0802994892001152,6
133,0.022169326587269705,0.08620842546224594,6
134,0.023351340477044385,0.07846734672784805,6
135,0.020850457018241286,0.08243267238140106,6
136,0.025725656809906166,0.08774914592504501,6
137,0.025236504230027396,0.0792318806052208,6
138,0.017756821277240913,0.07779816538095474,6
139,0.026384457868213456,0.08088920265436172,6
140,0.027340807331105072,0.07404070347547531,6
141,0.0224473193132629,0.07937384396791458,6
142,0.02316367890064915,0.08652368932962418,6
143,0.019746967824175954,0.07196436077356339,6
144,0.023915042479832966,0.0774732157588005,6
145,0.02467968702937166,0.07960644364356995,6
146,0.020567989597717922,0.08181490749120712,6
147,0.021469234411294263,0.07736478000879288,6
148,0.023167880329613883,0.07360301911830902,6
149,0.026224885291109484,0.07945903390645981,6
150,0.018746438591430586,0.07809291034936905,6
151,0.021797063139577705,0.07334990799427032,6
152,0.01976691357170542,0.0795854702591896,6
153,0.024747652933001518,0.07912018895149231,6
154,0.02242122512931625,0.07733665406703949,6
1,0.27936598314688754,0.45239201188087463,7
2,0.1539598239155916,0.38774415850639343,7
3,0.1161614811191192,0.24928884208202362,7
4,0.09877789192474805,0.21641238033771515,7
5,0.09456970514013217,0.20154736936092377,7
6,0.0851138520699281,0.1746826171875,7
7,0.07968906313180923,0.16055938601493835,7
8,0.07207250107939427,0.15271663665771484,7
9,0.06910226551386026,0.13438664376735687,7
10,0.06664581625507428,0.15890033543109894,7
11,0.07228959982211773,0.11430564522743225,7
12,0.060794784472538874,0.11447092145681381,7
13,0.05913439880196865,0.10004811733961105,7
14,0.06036591673126587,0.09890735149383545,7
15,0.05459770245047716,0.10117128491401672,7
16,0.05121227468435581,0.090172678232193,7
17,0.05583463408626043,0.08996782451868057,7
18,0.05006996255654555,0.11319098621606827,7
19,0.04974759713961528,0.08363103866577148,7
20,0.04666460506044901,0.09127596020698547,7
21,0.052280825204574145,0.08581753820180893,7
22,0.05095130778276003,0.08641546219587326,7
23,0.04539503529667854,0.09035252779722214,7
24,0.04458758607506752,0.06775205582380295,7
25,0.04258994156351456,0.07379407435655594,7
26,0.05183672303190598,0.10289385169744492,7
27,0.0448499470949173,0.07450983673334122,7
28,0.04007617083306496,0.06740125268697739,7
29,0.04612771221078359,0.06712843477725983,7
30,0.04594451002776623,0.07897225767374039,7
31,0.04921414215977375,0.06987560540437698,7
32,0.04255804018332408,0.06299326568841934,7
33,0.04208968909314045,0.07528530061244965,7
34,0.03915817448152946,0.05907850340008736,7
35,0.04155195074585768,0.05489930137991905,7
36,0.0371519375879031,0.054420966655015945,7
37,0.03615547243792277,0.061135679483413696,7
38,0.03964508726046635,0.048374276608228683,7
39,0.03837043877977591,0.05718778446316719,7
40,0.0350199847553785,0.043296027928590775,7
41,0.039070737906373464,0.05601343512535095,7
42,0.036427636845753744,0.05557618662714958,7
43,0.03346775730068867,0.0470343716442585,7
44,0.03520762032041183,0.04373503848910332,7
45,0.039170223503158644,0.05722293257713318,7
46,0.04043696720439654,0.05568905547261238,7
47,0.040062679980809875,0.04963146522641182,7
48,0.036944663152098656,0.061538081616163254,7
49,0.0329402769700839,0.044889360666275024,7
50,0.034220357067309894,0.03981700539588928,7
51,0.03149748865801554,0.03987353667616844,7
52,0.034829142288519785,0.05932469293475151,7
53,0.03425736610706036,0.03851206600666046,7
54,0.031776416330383375,0.047747742384672165,7
55,0.0349555120158654,0.04613885283470154,7
56,0.034444668115331575,0.05644100904464722,7
57,0.03332047930990274,0.03922242671251297,7
58,0.03102469601883338,0.047766417264938354,7
59,0.035262930851716265,0.04052714630961418,7
60,0.0316263809800148,0.04139545559883118,7
61,0.02945854042011958,0.035835422575473785,7
62,0.035482695182928674,0.03805195167660713,7
63,0.030560179685170833,0.04192045331001282,7
64,0.031922245828004986,0.04253216087818146,7
65,0.0356327503059919,0.04014156013727188,7
66,0.028781607603797547,0.04184797778725624,7
67,0.03468109051195475,0.039629317820072174,7
68,0.03516042218185388,0.044526200741529465,7
69,0.03155852238146158,0.04168006777763367,7
70,0.030305455940274093,0.0440930612385273,7
71,0.027945691576370828,0.047122370451688766,7
72,0.033457447989628866,0.04129000008106232,7
73,0.027178985281632498,0.03936193883419037,7
74,0.03152066598144861,0.050933629274368286,7
75,0.028605541930748865,0.04202835261821747,7
76,0.035469755387076966,0.04053438827395439,7
77,0.027296702305857953,0.042903393507003784,7
78,0.027485341836626712,0.03942948579788208,7
79,0.0239899753091427,0.0454694889485836,7
80,0.024511444740570508,0.04138732701539993,7
81,0.031959104853180736,0.0360771082341671,7
82,0.028588613065389488,0.040158968418836594,7
83,0.028881630931909267,0.03922949731349945,7
84,0.030492384273272295,0.047053396701812744,7
85,0.025226837740494654,0.047466713935136795,7
86,0.023833454514925297,0.039048802107572556,7
87,0.03323384001851082,0.04105754941701889,7
88,0.02830643880252655,0.035285621881484985,7
89,0.028875593239298232,0.03293907269835472,7
90,0.02646455727517605,0.03463558480143547,7
91,0.0294114829112704,0.0394463948905468,7
92,0.03204894954195389,0.03732048347592354,7
93,0.024593638972594187,0.037476662546396255,7
94,0.030067777117857568,0.049639731645584106,7
95,0.028662961836044606,0.036845918744802475,7
96,0.028801964022792302,0.03963698074221611,7
97,0.026037675256912526,0.0434606671333313,7
98,0.027188986539840698,0.04515239968895912,7
99,0.028718300450306673,0.03840804845094681,7
100,0.02593712150477446,0.03679617866873741,7
101,0.029280886197319396,0.03736912086606026,7
102,0.025775127112865448,0.039379656314849854,7
103,0.023601650475309446,0.04289844259619713,7
104,0.028686236303586226,0.033981915563344955,7
105,0.025580811959046584,0.03643720597028732,7
106,0.0211709552229597,0.03536723181605339,7
107,0.027784548699855804,0.03929160162806511,7
108,0.021995517496879283,0.03370822221040726,7
109,0.025137147364708092,0.03266220539808273,7
110,0.025981593733796708,0.03694900870323181,7
111,0.02425676455291418,0.03325618430972099,7
112,0.027347115369943473,0.044742003083229065,7
113,0.03530501918150829,0.03496741130948067,7
114,0.02532795243538343,0.036457713693380356,7
115,0.022048691287636757,0.03469577059149742,7
116,0.02447169145139364,0.04577205702662468,7
117,0.029703212472108696,0.03447548672556877,7
118,0.02295455766411928,0.03125431016087532,7
119,0.03113274433864997,0.044262055307626724,7
120,0.025128710012023266,0.039716046303510666,7
121,0.02444882246737297,0.03499216586351395,7
122,0.02449572466027278,0.042059991508722305,7
123,0.021789247814852458,0.035600412636995316,7
124,0.02372214921678488,0.034111641347408295,7
125,0.02446573585844957,0.042171020060777664,7
126,0.030268750798243742,0.03420576453208923,7
127,0.02856869135911648,0.03801443800330162,7
128,0.023385186321460284,0.03178154304623604,7
129,0.02529395600924125,0.038225892931222916,7
130,0.024725227115245964,0.036325886845588684,7
131,0.024628438915197667,0.03495383262634277,7
132,0.023973052748120748,0.03243180736899376,7
133,0.02470654843804928,0.03473024442791939,7
134,0.028174516888192065,0.03438872471451759,7
135,0.025100423596226253,0.031010786071419716,7
136,0.021209390404132698,0.02979741059243679,7
137,0.03077090373979165,0.030509280040860176,7
138,0.021182807448964853,0.030137764289975166,7
139,0.019186051132587287,0.036626312881708145,7
140,0.025338210308781035,0.03279893845319748,7
141,0.025323799882943813,0.030271222814917564,7
142,0.02743269495952588,0.03259306773543358,7
143,0.021648805731764205,0.03262673318386078,7
144,0.027896579569922045,0.03396592661738396,7
145,0.028850386635615274,0.0365695096552372,7
146,0.023349493741989136,0.036453474313020706,7
147,0.023443460607757934,0.03378530964255333,7
148,0.0206350633301414,0.03307056799530983,7
149,0.024504387034819677,0.03603319823741913,7
150,0.02728966401460079,0.03556555137038231,7
151,0.020962658409888927,0.04032156616449356,7
152,0.025166169955180243,0.04029671847820282,7
153,0.024124087407611884,0.03569760546088219,7
154,0.02437891302487025,0.037466540932655334,7
155,0.02562513560629808,0.03776560351252556,7
156,0.02280131899393522,0.03404125198721886,7
157,0.020440751901612833,0.035012438893318176,7
158,0.018156624040924586,0.03323692828416824,7
159,0.027044927916274622,0.03423725441098213,7
160,0.02516889486175317,0.03438924625515938,7
161,0.025491525848897603,0.03620654344558716,7
162,0.02066374706247678,0.04284859821200371,7
163,0.025169035849662926,0.03834350034594536,7
164,0.023026016970666554,0.03462784364819527,7
1,0.2570337365780558,0.3401120901107788,8
2,0.14385997823306493,0.19310201704502106,8
3,0.1170912507389273,0.18428081274032593,8
4,0.10827474615403584,0.17726515233516693,8
5,0.0929038833294596,0.16563411056995392,8
6,0.08250705099531583,0.19428175687789917,8
7,0.0806643111365182,0.18876011669635773,8
8,0.08686601796320506,0.19139552116394043,8
9,0.07632967829704285,0.19823403656482697,8
10,0.07019778208008834,0.17318487167358398,8
11,0.06177563672619207,0.16841433942317963,8
12,0.06695543575499739,0.183408722281456,8
13,0.05846633283155305,0.19355519115924835,8
14,0.07236049696803093,0.18395178020000458,8
15,0.06239196977445057,0.20286627113819122,8
16,0.05980597489646503,0.1757192760705948,8
17,0.056385238255773275,0.2016056627035141,8
18,0.05414184555411339,0.18408246338367462,8
19,0.06680323289973396,0.18110080063343048,8
20,0.05569782108068466,0.17381064593791962,8
21,0.058169828461749215,0.17891554534435272,8
22,0.07300640935344356,0.17407186329364777,8
23,0.06001950693981988,0.1758815199136734,8
24,0.05687522196343967,0.18762902915477753,8
25,0.0475452220333474,0.17989599704742432,8
26,0.047108247610075135,0.1855076104402542,8
27,0.05505130479910544,0.19286172091960907,8
28,0.05092221764581544,0.18140749633312225,8
29,0.05134559396122183,0.17700976133346558,8
30,0.04944445751607418,0.1819753795862198,8
31,0.043783435598015785,0.17525149881839752,8
32,0.04407444077410868,0.16692687571048737,8
33,0.05213457465703998,0.19147814810276031,8
1,0.2823679308806147,0.5628478527069092,9
2,0.1463612195636545,0.43732795119285583,9
3,0.11667564617736,0.4065919816493988,9
4,0.10344177644167628,0.35379019379615784,9
5,0.09379446932247706,0.3361305892467499,9
6,0.08258637998785291,0.3241800367832184,9
7,0.08247907433126654,0.3221219480037689,9
8,0.07603777013719082,0.32772839069366455,9
9,0.07102596201002598,0.31742680072784424,9
10,0.06351581348904542,0.3181174695491791,9
11,0.07056957403463977,0.3114931583404541,9
12,0.06652218023581165,0.3006693422794342,9
13,0.06263956826712404,0.2912750542163849,9
14,0.056597218715718815,0.29206812381744385,9
15,0.05477086906986577,0.3036186397075653,9
16,0.058519858068653514,0.282943457365036,9
17,0.05486941124711718,0.30530235171318054,9
18,0.049274516691054614,0.28993380069732666,9
19,0.05020154480423246,0.2990008294582367,9
20,0.04885312249617917,0.29000577330589294,9
21,0.045404089614748955,0.29171937704086304,9
22,0.04591681542141097,0.2732795774936676,9
23,0.04577003100088665,0.2748633325099945,9
24,0.04218614261065211,0.29168981313705444,9
25,0.04124587747667517,0.2799260914325714,9
26,0.0423620202179466,0.28967922925949097,9
27,0.04382929844515664,0.2764750123023987,9
28,0.043603338567273955,0.2829865515232086,9
29,0.041020830028823445,0.29383644461631775,9
30,0.03794744650700262,0.27561795711517334,9
31,0.03683719305055482,0.2864970862865448,9
32,0.04417376512927668,0.28212693333625793,9
33,0.040287364673401625,0.2799490988254547,9
34,0.04006289890302079,0.2903987765312195,9
35,0.03981521699045386,0.2893383800983429,9
36,0.0402883022491421,0.29856106638908386,9
37,0.03841299976089171,0.28418514132499695,9
38,0.033551317905741077,0.28671786189079285,9
39,0.03660689959568637,0.2849157154560089,9
40,0.03505624923855066,0.2972339391708374,9
41,0.03768762919519629,0.26887986063957214,9
42,0.0358844410095896,0.28024765849113464,9
43,0.03664311420704637,0.2888015806674957,9
44,0.03552091946559293,0.2831438183784485,9
45,0.03897179024560111,0.2754446268081665,9
46,0.03093015030026436,0.28718921542167664,9
47,0.03801746653126819,0.2935508191585541,9
48,0.0331232115360243,0.3038308024406433,9
49,0.034755254430430274,0.2850821912288666,9
50,0.03300843933331115,0.27732205390930176,9
51,0.032952169089445045,0.29557159543037415,9
52,0.03154504019767046,0.28541818261146545,9
53,0.034037306372608454,0.2870113253593445,9
54,0.029422650645886148,0.27251073718070984,9
55,0.03368543168263776,0.28121501207351685,9
56,0.03335217107087374,0.2784854471683502,9
57,0.03493967984936067,0.28806087374687195,9
58,0.03195983849998031,0.2722979485988617,9
59,0.030984631340418543,0.2780236601829529,9
60,0.03390459383704832,0.2787115275859833,9
61,0.02896036167762109,0.27630239725112915,9
62,0.03514763579836914,0.2864049971103668,9
63,0.0335144932780947,0.2630493938922882,9
64,0.02837451161550624,0.2851928770542145,9
65,0.035738668138427396,0.2659932076931,9
66,0.029034856972949847,0.28309834003448486,9
67,0.02888601379735129,0.288023978471756,9
68,0.03375328824456249,0.26277458667755127,9
69,0.030978345977408544,0.2837565243244171,9
70,0.033141493531210084,0.2836221754550934,9
71,0.028877424874476025,0.29003477096557617,9
72,0.026355657460434095,0.2968137562274933,9
73,0.028816442670566694,0.2875056564807892,9
74,0.02720486412623099,0.27781155705451965,9
75,0.029959177265741994,0.26489344239234924,9
76,0.029688874392637184,0.2823653519153595,9
77,0.030067134382469312,0.27863940596580505,9
78,0.030541920103132725,0.2759273648262024,9
79,0.02613084457282509,0.2803914248943329,9
80,0.0262333783986313,0.26166918873786926,9
81,0.026319975698632852,0.2915512025356293,9
82,0.029286707884499004,0.28944358229637146,9
83,0.02460770614977394,0.2738611400127411,9
84,0.028423116808491095,0.2735389471054077,9
85,0.02913279618535723,0.27926042675971985,9
86,0.029206803334610804,0.2718963325023651,9
87,0.02896115030827267,0.303378164768219,9
88,0.027704839195523943,0.294319748878479,9
89,0.027404999626534327,0.28060778975486755,9
90,0.024815849161573818,0.27896320819854736,9
91,0.024971548933535814,0.2702313959598541,9
92,0.027160981137837683,0.28944361209869385,9
93,0.027622695147458996,0.274343341588974,9
94,0.026432570203074386,0.2779621481895447,9
95,0.028206382745078633,0.28012892603874207,9
96,0.025810895221573964,0.28149428963661194,9
97,0.02347543795726129,0.27465322613716125,9
98,0.023009592401129857,0.28670623898506165,9
99,0.02644736971706152,0.285815566778183,9
100,0.026970778858023032,0.27696001529693604,9
101,0.02755285387060472,0.28068748116493225,9
102,0.02480701170861721,0.27388113737106323,9
103,0.029278506258768693,0.2676973342895508,9
104,0.028440857040030614,0.2925651967525482,9
105,0.025932354852557182,0.27299216389656067,9
106,0.025034609915954725,0.27009305357933044,9
107,0.02499689081949847,0.2798737585544586,9
108,0.024065388100487844,0.27863290905952454,9
1,0.22621893684069316,0.8576976656913757,10
2,0.13631315678358077,0.6212359666824341,10
3,0.10717664907375972,0.5607354640960693,10
4,0.09545031835635504,0.5569359064102173,10
5,0.09019624789555868,0.554236114025116,10
6,0.08019158020615577,0.5153431296348572,10
7,0.07053781648476919,0.5524472594261169,10
8,0.07359189366300901,0.47474613785743713,10
9,0.06880432839194933,0.5128660202026367,10
10,0.0633806049823761,0.49742257595062256,10
11,0.06491511960824331,0.5382752418518066,10
12,0.0625161533554395,0.5624809265136719,10
13,0.06276691233118376,0.5598538517951965,10
14,0.06109888056914012,0.5595622062683105,10
15,0.05719893301526705,0.5308771729469299,10
16,0.05320806205272675,0.5044400095939636,10
17,0.057202648868163425,0.5413289666175842,10
18,0.05088912546634674,0.5297703742980957,10
19,0.05395421112577121,0.5196739435195923,10
20,0.04648896505435308,0.5156555771827698,10
21,0.05032311926285426,0.5278475880622864,10
22,0.0490209773182869,0.5141856670379639,10
23,0.04731642082333565,0.4992975890636444,10
24,0.04810498331983884,0.5152184367179871,10
25,0.04500745857755343,0.5166175365447998,10
26,0.043353071063756944,0.5045046806335449,10
27,0.044642061243454614,0.5460463166236877,10
28,0.040873980770508446,0.5161401033401489,10
29,0.04598647058010101,0.5298957824707031,10
30,0.04211931775013606,0.5560401678085327,10
31,0.045095574110746384,0.4849841296672821,10
32,0.04342980335156123,0.4858357906341553,10
33,0.04309914732972781,0.5171921849250793,10
34,0.040330627312262855,0.535050094127655,10
35,0.03644952513277531,0.58339923620224,10
36,0.03460478795071443,0.5299346446990967,10
1,0.2620511930435896,0.6408348679542542,11
2,0.15494241518899798,0.461646169424057,11
3,0.12263391958549619,0.49960172176361084,11
4,0.10397527925670147,0.41827157139778137,11
5,0.09738547261804342,0.5362042784690857,11
6,0.0889596629422158,0.48483267426490784,11
7,0.08361149532720447,0.4738602638244629,11
8,0.07731217122636735,0.4481288492679596,11
9,0.07736400933936238,0.5284600853919983,11
10,0.0756387091241777,0.48539653420448303,11
11,0.06516624009236693,0.4888289272785187,11
12,0.06409474764950573,0.34720802307128906,11
13,0.06450384645722806,0.4855758845806122,11
14,0.06541385967284441,0.4489370882511139,11
15,0.059944165172055364,0.4043205976486206,11
16,0.061185963451862335,0.4881332814693451,11
17,0.05702737928368151,0.412164568901062,11
18,0.05393540277145803,0.3296990394592285,11
19,0.058355033630505204,0.38535377383232117,11
20,0.051250178599730134,0.37843403220176697,11
21,0.053632522001862526,0.34807267785072327,11
22,0.05193707230500877,0.42725419998168945,11
23,0.04867714666761458,0.36862412095069885,11
24,0.0538035174831748,0.4777763783931732,11
25,0.04971320950426161,0.3393280804157257,11
26,0.04922872898168862,0.36841511726379395,11
27,0.04558093240484595,0.3582293689250946,11
28,0.04962562024593353,0.2497093230485916,11
29,0.04554291791282594,0.3747243583202362,11
30,0.04594423621892929,0.22255265712738037,11
31,0.04650034860242158,0.27594897150993347,11
32,0.04361245548352599,0.40985724329948425,11
33,0.039732239209115505,0.2660314738750458,11
34,0.04505121987313032,0.4047614634037018,11
35,0.04120040056295693,0.4405907392501831,11
36,0.04108492552768439,0.4441086947917938,11
37,0.04057782469317317,0.42686375975608826,11
38,0.03466687258332968,0.3389875590801239,11
39,0.03955500654410571,0.37221673130989075,11
40,0.04078590148128569,0.3833498954772949,11
41,0.04216335678938776,0.4301712214946747,11
42,0.03830214764457196,0.4015754759311676,11
43,0.038386900909245014,0.3764994442462921,11
44,0.041179135674610734,0.4432605803012848,11
45,0.037711563520133495,0.34718409180641174,11
46,0.036904581123963,0.3892466723918915,11
47,0.037746667047031224,0.350808709859848,11
48,0.040944003383629024,0.4277743995189667,11
49,0.03618079668376595,0.37713301181793213,11
50,0.036048180307261646,0.3359314501285553,11
51,0.03394110850058496,0.268417090177536,11
52,0.039682849193923175,0.3694847822189331,11
53,0.0359187942231074,0.3227618336677551,11
54,0.03731392463669181,0.307804673910141,11
55,0.042094856733456254,0.3736051321029663,11
56,0.03240797109901905,0.3776514530181885,11
57,0.03643318952526897,0.32228732109069824,11
58,0.03478033177088946,0.37905168533325195,11
1,0.24173964209416332,0.5133873820304871,12
2,0.13412003482089324,0.3747519254684448,12
3,0.11094442754983902,0.34890294075012207,12
4,0.11450551910435453,0.3122521936893463,12
5,0.08623279433916597,0.35180380940437317,12
6,0.0832082942566451,0.3828219175338745,12
7,0.07762777805328369,0.3179651200771332,12
8,0.10177290461519185,0.32613256573677063,12
9,0.07280999312506002,0.34104058146476746,12
10,0.0667308430899592,0.3386138379573822,12
11,0.061971207971082014,0.2822917699813843,12
12,0.06483721404391177,0.3353649377822876,12
13,0.07059270406470579,0.3051060140132904,12
14,0.06536836768774425,0.34282100200653076,12
15,0.05827345677158412,0.31778645515441895,12
16,0.05822963157997412,0.3530251681804657,12
17,0.06305886059999466,0.33766427636146545,12
18,0.05661391050500028,0.3100268542766571,12
19,0.05627028118161594,0.33920779824256897,12
20,0.05744011196143487,0.34228870272636414,12
21,0.05360103135599809,0.30812764167785645,12
22,0.04927096888422966,0.28985705971717834,12
23,0.04826139538165401,0.34982380270957947,12
24,0.05237332797225784,0.36455073952674866,12
25,0.053379547508323896,0.3672752380371094,12
26,0.04797019261647673,0.39080318808555603,12
27,0.05007500661646619,0.36962413787841797,12
28,0.04729184880852699,0.34880372881889343,12
29,0.05833996898111175,0.336877703666687,12
30,0.04521399035173304,0.35018250346183777,12
31,0.048545595477609074,0.3375948965549469,12
32,0.048485204687013346,0.3767320215702057,12
33,0.048301421105861664,0.3753819763660431,12
34,0.045983688029296255,0.35077258944511414,12
35,0.04014137299621806,0.3165118992328644,12
36,0.04267731045975404,0.3314797878265381,12
37,0.04143581320257748,0.32982903718948364,12
38,0.042237196227206904,0.3431673049926758,12
39,0.05107794088475844,0.308268666267395,12
1,0.24746239097679362,0.36669644713401794,13
2,0.14066125978441799,0.21686141192913055,13
3,0.1073385485831429,0.18727640807628632,13
4,0.09947452475042905,0.19978250563144684,13
5,0.08719107267611167,0.18410129845142365,13
6,0.08064693124855266,0.20083504915237427,13
7,0.07556369309039677,0.20696979761123657,13
8,0.07390778730897342,0.1757802516222,13
9,0.07768678752815023,0.1955253630876541,13
10,0.07175634253550978,0.19931823015213013,13
11,0.06812184961403117,0.18292206525802612,13
12,0.062039031263659984,0.1884363740682602,13
13,0.057191132403471893,0.1716679185628891,13
14,0.06196769852848614,0.18157313764095306,13
15,0.05817465747103972,0.21335750818252563,13
16,0.054242759504738974,0.21475480496883392,13
17,0.05509371003683876,0.20401065051555634,13
18,0.05378615702776348,0.21257199347019196,13
19,0.059399579816004806,0.213518425822258,13
20,0.05312015335349476,0.2315753549337387,13
21,0.04539082549950656,0.24539637565612793,13
22,0.051196479402920776,0.21619124710559845,13
23,0.04576625718789942,0.2369035929441452,13
24,0.04692348925506368,0.22186852991580963,13
25,0.049479540875729394,0.23191915452480316,13
26,0.046926268431193685,0.23640131950378418,13
27,0.045275184271090174,0.23586876690387726,13
28,0.045446528779233206,0.25034013390541077,13
29,0.04434489864198601,0.24529491364955902,13
30,0.04426905490896281,0.2251354306936264,13
31,0.04471415467560291,0.2466874122619629,13
32,0.04418776425368646,0.22374141216278076,13
33,0.04476365710006041,0.2394556999206543,13
34,0.041768359129919726,0.22196443378925323,13
35,0.043248183367883455,0.23250889778137207,13
36,0.0406049657613039,0.2280147820711136,13
37,0.039070700788322615,0.23254801332950592,13
38,0.03942699072992101,0.2459038943052292,13
39,0.04111863124896498,0.22759775817394257,13
40,0.04079204699134126,0.23023803532123566,13
41,0.03992115607594743,0.23436807096004486,13
1,0.292478928135501,0.18247507512569427,14
2,0.15447018088565934,0.23385260999202728,14
3,0.11890821986728245,0.32314354181289673,14
4,0.10588213925560315,0.3254077732563019,14
5,0.09919105221827824,0.33318743109703064,14
6,0.08775000708798568,0.3495039641857147,14
7,0.07837770837876532,0.31625452637672424,14
8,0.07797571933931774,0.34274575114250183,14
9,0.07535820330182712,0.3214968740940094,14
10,0.07138541258043712,0.3106865882873535,14
11,0.06742353178560734,0.3069290816783905,14
12,0.06855388171970844,0.346123069524765,14
13,0.0646432414650917,0.35675573348999023,14
14,0.06264335889783171,0.32240769267082214,14
15,0.06016489408082432,0.3917727470397949,14
16,0.05710136662754747,0.2847870886325836,14
17,0.053040069010522634,0.3823172152042389,14
18,0.0542187403059668,0.37729427218437195,14
19,0.055046424683597356,0.3157171905040741,14
20,0.05078822643392616,0.41686105728149414,14
21,0.05331221181485388,0.3656902015209198,14
22,0.055634728322426476,0.4011402428150177,14
23,0.052642849584420524,0.3243345320224762,14
24,0.05466371671193176,0.3692530691623688,14
25,0.04639059036142296,0.317348450422287,14
26,0.0490080187511113,0.46073460578918457,14
27,0.04745183729877075,0.33088287711143494,14
28,0.04368620158897506,0.4565328061580658,14
29,0.04495323852946361,0.4177149534225464,14
1,0.23382136147273214,0.29236310720443726,15
2,0.13710456733640872,0.11968735605478287,15
3,0.11571052356770165,0.09100410342216492,15
4,0.1031327435844823,0.09194493293762207,15
5,0.09195513591954582,0.08884509652853012,15
6,0.08243587750353311,0.08847365528345108,15
7,0.08697201252767914,0.08712661266326904,15
8,0.07833926164005932,0.09250693768262863,15
9,0.06765315760123103,0.0655108317732811,15
10,0.06868769855875718,0.0755850225687027,15
11,0.06642931131155867,0.07463424652814865,15
12,0.06552093181955188,0.08284694701433182,15
13,0.06297809787486729,0.09593220800161362,15
14,0.06174694413417264,0.08123646676540375,15
15,0.05981462390015,0.10253947973251343,15
16,0.05669386410399487,0.11437678337097168,15
17,0.05670134585938955,0.07690341770648956,15
18,0.0521369781345129,0.11678928881883621,15
19,0.050416938176280575,0.11958206444978714,15
20,0.05149003059456223,0.08647596836090088,15
21,0.05445006097617902,0.09319120645523071,15
22,0.04795632648624872,0.09557931870222092,15
23,0.050521658243317356,0.11288043856620789,15
24,0.0472904561381591,0.11795095354318619,15
25,0.04781135485360497,0.07167372107505798,15
26,0.04662807658314705,0.10197385400533676,15
27,0.04316934462832777,0.09408356994390488,15
28,0.043274853672636185,0.08463785797357559,15
29,0.04328597199759985,0.0735497996211052,15
30,0.04587832789279913,0.12128736823797226,15
31,0.04278956706586637,0.09194404631853104,15
32,0.04280159740071548,0.08495230227708817,15
33,0.041098696816908684,0.07365798950195312,15
34,0.040894172301417904,0.0963653102517128,15
35,0.03834052511343831,0.08447325974702835,15
36,0.04164756971754526,0.09646686166524887,15
37,0.03782378313572783,0.08997245877981186,15
1,0.2602238871157169,1.1524654626846313,16
2,0.14363736025989055,0.8981192111968994,16
3,0.11576264202594758,0.8124826550483704,16
4,0.09821746498346329,0.7775993347167969,16
5,0.09499167464673519,0.7807425856590271,16
6,0.09041327573359012,0.9032554030418396,16
7,0.08888634163886308,0.801205575466156,16
8,0.0762859720736742,0.7272202372550964,16
9,0.07786007542163134,0.7344587445259094,16
10,0.07417866811156273,0.7436276078224182,16
11,0.0690720034763217,0.7730593085289001,16
12,0.06777561381459236,0.7435391545295715,16
13,0.0642089245840907,0.7760834693908691,16
14,0.06401106454432011,0.7139951586723328,16
15,0.06430691331624985,0.8123328685760498,16
16,0.05926922373473644,0.7565391659736633,16
17,0.06224647760391235,0.8232951760292053,16
18,0.05477753821760416,0.7760811448097229,16
19,0.060646052844822405,0.67768794298172,16
20,0.05593421123921871,0.7397298216819763,16
21,0.056573094241321085,0.7203441262245178,16
22,0.05562249086797237,0.738373339176178,16
23,0.0523759700357914,0.7238051295280457,16
24,0.05844175890088081,0.7043339610099792,16
25,0.04977160487323999,0.7960812449455261,16
26,0.05803815312683582,0.7567837834358215,16
27,0.049704760871827604,0.7461370825767517,16
28,0.046816676296293734,0.667898416519165,16
29,0.04929378991946578,0.89723801612854,16
30,0.052769858948886396,0.8285505771636963,16
31,0.048446533270180225,0.7090721726417542,16
32,0.04810638334602117,0.7208118438720703,16
33,0.04577115615829826,0.713718593120575,16
34,0.042120360769331455,0.8397676348686218,16
35,0.05111791547387838,0.7875787615776062,16
36,0.043176885973662135,0.6922030448913574,16
37,0.05614343229681253,0.7724818587303162,16
38,0.047287040296941994,0.731844961643219,16
39,0.04306977717205882,0.8104662895202637,16
40,0.043287851568311456,0.7514610290527344,16
41,0.044364902190864086,0.6880652904510498,16
42,0.04177027260884643,0.7195258140563965,16
43,0.039180077333003285,0.7479622960090637,16
44,0.04309013187885284,0.7263200283050537,16
45,0.045777832809835675,0.760498046875,16
46,0.04045684076845646,0.7095963358879089,16
47,0.03957520565018058,0.7071406841278076,16
48,0.039766195323318244,0.7086501121520996,16
49,0.04863494448363781,0.7387905716896057,16
50,0.03995986310765147,0.6916770339012146,16
51,0.04115278450772166,0.6684589982032776,16
52,0.04079378768801689,0.8081798553466797,16
53,0.03983483649790287,0.7510420680046082,16
54,0.03994861654937267,0.7065202593803406,16
55,0.03747079679742456,0.7393385767936707,16
56,0.03802415011450648,0.670983612537384,16
1,0.2075537968426943,0.3466978073120117,17
2,0.1211091186851263,0.35671672224998474,17
3,0.0959417873993516,0.30304524302482605,17
4,0.08659235928207636,0.23614265024662018,17
5,0.08582437317818403,0.29917603731155396,17
6,0.07261249776929617,0.3310518264770508,17
7,0.070822923630476,0.2699045240879059,17
8,0.070115883089602,0.24611292779445648,17
9,0.06449864041060209,0.27717337012290955,17
10,0.06422671545296907,0.3124615252017975,17
11,0.06280675083398819,0.3019181489944458,17
12,0.05949955638498068,0.32965561747550964,17
13,0.05919254776090384,0.2441083937883377,17
14,0.0529951237142086,0.30765417218208313,17
15,0.05484920758754015,0.2289455384016037,17
16,0.057255794666707514,0.23410286009311676,17
17,0.050061531644314525,0.19853059947490692,17
18,0.05311648482456803,0.24032919108867645,17
19,0.05162747241556644,0.2548270523548126,17
20,0.05365799404680729,0.30533063411712646,17
21,0.0483392484486103,0.2221464365720749,17
22,0.04695347147062421,0.24460001289844513,17
23,0.04600351992994547,0.20568431913852692,17
24,0.046758288890123366,0.21307472884655,17
25,0.046920654736459254,0.22851140797138214,17
26,0.04622545009478927,0.2254987508058548,17
27,0.04450529059395194,0.22976213693618774,17
28,0.04617745839059353,0.21428127586841583,17
29,0.04209217010065913,0.23888802528381348,17
30,0.04638794995844364,0.24312187731266022,17
31,0.045222916174679995,0.19246076047420502,17
32,0.0426848360337317,0.21067021787166595,17
33,0.04295969540253282,0.19983595609664917,17
34,0.04379319129511714,0.20824004709720612,17
35,0.043408116325736046,0.1948406845331192,17
36,0.040655172802507876,0.270323246717453,17
37,0.04513472802937031,0.2310979813337326,17
38,0.04517829306423664,0.24245886504650116,17
39,0.04121720278635621,0.25275149941444397,17
40,0.03949715038761496,0.23337210714817047,17
41,0.04289279347285628,0.28173497319221497,17
42,0.041200189478695394,0.1985764503479004,17
43,0.039387726690620184,0.23339861631393433,17
44,0.039872519485652444,0.23085825145244598,17
45,0.03968761069700122,0.2135438174009323,17
46,0.04348745346069336,0.27602800726890564,17
47,0.03738089241087437,0.20576240122318268,17
48,0.036212964169681075,0.2839899957180023,17
49,0.03986229533329606,0.30879393219947815,17
50,0.037660906463861464,0.22795172035694122,17
51,0.03806584822013974,0.22435599565505981,17
52,0.03639071276411414,0.2438855916261673,17
53,0.038566780742257833,0.2748189866542816,17
54,0.03695753365755081,0.27257028222084045,17
55,0.03534234799444676,0.3157137334346771,17
56,0.036382156796753405,0.23001568019390106,17
57,0.03627568855881691,0.26023411750793457,17
58,0.0381893489509821,0.2710780203342438,17
59,0.03564525740221143,0.27459660172462463,17
1,0.20964870850245157,0.6431373953819275,18
2,0.12166947658572878,0.6582042574882507,18
3,0.09591842141179811,0.5224167704582214,18
4,0.08962414023422059,0.5393609404563904,18
5,0.08712426643996012,0.5939816236495972,18
6,0.07737611766372408,0.65549635887146,18
7,0.0721903152409054,0.5112014412879944,18
8,0.06780236604667846,0.6127444505691528,18
9,0.06728611141443253,0.6136276125907898,18
10,0.06019595673396474,0.5527130365371704,18
11,0.06287901600201924,0.5066298246383667,18
12,0.059375934125412075,0.49629664421081543,18
13,0.05707348102614993,0.5777844786643982,18
14,0.056295697532948996,0.5211462378501892,18
15,0.055732989949839454,0.5159995555877686,18
16,0.05250649171925727,0.4996817409992218,18
17,0.05030407836394651,0.5178138613700867,18
18,0.05313141182774589,0.4890834093093872,18
19,0.05107838518562771,0.5184652209281921,18
20,0.051451382803775016,0.4548629820346832,18
21,0.046214673490751354,0.4981382191181183,18
22,0.047920903811852135,0.5223245024681091,18
23,0.05027317193647226,0.5261338353157043,18
24,0.04965742127526374,0.49923279881477356,18
25,0.045995308086276054,0.4193943440914154,18
26,0.04397422971115226,0.4497946798801422,18
27,0.04161150301141398,0.4695192277431488,18
28,0.04649182249392782,0.43674537539482117,18
29,0.046260280800717216,0.42287302017211914,18
30,0.04332905466712657,0.4379366636276245,18
31,0.04202545354408877,0.4326152801513672,18
32,0.04358078486153057,0.46992477774620056,18
33,0.04169206862293538,0.4339791238307953,18
34,0.04177562723911944,0.4348244369029999,18
35,0.04349297471344471,0.4838177263736725,18
36,0.03892230331188157,0.4738626778125763,18
37,0.03702321719555628,0.4757590591907501,18
38,0.04013593858551411,0.5470601320266724,18
39,0.03976358180599553,0.5136471390724182,18
40,0.038423191756010056,0.4577818810939789,18
41,0.03937882805864016,0.45899680256843567,18
42,0.03998076933480445,0.4588983356952667,18
43,0.04049658766459851,0.46759676933288574,18
44,0.04020937700711545,0.45630812644958496,18
45,0.03842817504136335,0.45324623584747314,18
46,0.03886155526907671,0.44348379969596863,18
47,0.036402683172907145,0.5000057220458984,18
48,0.0397596133961564,0.5169405937194824,18
49,0.03946451745217755,0.4975263774394989,18
50,0.040427569832120626,0.47931763529777527,18
51,0.03745457184101854,0.47470220923423767,18
52,0.03621668279880569,0.4492950439453125,18
53,0.036792355367825144,0.46289315819740295,18
1,0.20670783655209976,0.4213462769985199,19
2,0.10838283022696321,0.4201529324054718,19
3,0.09469642642546784,0.44259127974510193,19
4,0.08715125986120918,0.458200603723526,19
5,0.08266744728792798,0.4379655122756958,19
6,0.07627836157652465,0.2729523777961731,19
7,0.07437526400793683,0.40653708577156067,19
8,0.06784903816878796,0.4908779561519623,19
9,0.06365409798242828,0.4376794993877411,19
10,0.06436548720706593,0.4068432152271271,19
11,0.06305024942213838,0.43429210782051086,19
12,0.06273982538418336,0.41760778427124023,19
13,0.06053029085424813,0.3188706338405609,19
14,0.0611487054689364,0.30329862236976624,19
15,0.05154870433563536,0.3274310529232025,19
16,0.05678441544825381,0.4015420973300934,19
17,0.05224003363400698,0.34051623940467834,19
18,0.05418753810226917,0.435292512178421,19
19,0.05182549797675826,0.33850613236427307,19
20,0.05234017392451113,0.3319314420223236,19
21,0.052842110649428585,0.3879392445087433,19
22,0.05074592942202633,0.3106829822063446,19
23,0.051011491143568,0.2630932033061981,19
24,0.04963701472363689,0.2621682584285736,19
25,0.04799232945184816,0.22489476203918457,19
26,0.0476744178343903,0.4026273787021637,19
27,0.04547605849802494,0.27631035447120667,19
28,0.042189782824028625,0.2971296012401581,19
29,0.044941558841277256,0.36088553071022034,19
30,0.050266272303732956,0.31007540225982666,19
31,0.04085763806307858,0.37963008880615234,19
32,0.04026133838025006,0.4123394787311554,19
33,0.04858165987851945,0.33935633301734924,19
34,0.04217451506040313,0.2679600715637207,19
35,0.045554257590662346,0.32773730158805847,19
36,0.03940134986557744,0.3124903738498688,19
37,0.0380191146819429,0.37331756949424744,19
38,0.04264638361267068,0.2991901934146881,19
39,0.042698980901728974,0.3275468647480011,19
40,0.040252206339077515,0.2720555067062378,19
41,0.0381765462119471,0.2699640989303589,19
42,0.04440012684261257,0.37158724665641785,19
43,0.04269719851965254,0.27627432346343994,19
44,0.039326412095264954,0.3421824276447296,19
45,0.03971400746906346,0.27175888419151306,19
46,0.04274333386935971,0.34060046076774597,19
47,0.04340327514166182,0.4170696437358856,19
48,0.03961337899619883,0.3219458758831024,19
49,0.042945244518870655,0.25037381052970886,19
50,0.03736692319878123,0.31855064630508423,19
51,0.038655240766026756,0.2799378037452698,19
52,0.040817022492939774,0.32432544231414795,19
53,0.03636088781058788,0.31272804737091064,19
1,0.23682255751412848,0.09496984630823135,20
2,0.11920310654070067,0.12384780496358871,20
3,0.10572375486726346,0.08226538449525833,20
4,0.09127330796226212,0.15218430757522583,20
5,0.08521091678868169,0.13672049343585968,20
6,0.07851430417402931,0.07726838439702988,20
7,0.08183710843972537,0.08776670694351196,20
8,0.07401697386218153,0.09384969621896744,20
9,0.07054807423897412,0.13133378326892853,20
10,0.0648616596084574,0.107478566467762,20
11,0.07138802273117978,0.1074877604842186,20
12,0.06337510713416597,0.12345957010984421,20
13,0.056641309805538345,0.10976794362068176,20
14,0.05522430218432261,0.12569592893123627,20
15,0.05994006586463555,0.13564340770244598,20
16,0.058858130775068115,0.1280205398797989,20
17,0.05620609960802223,0.1175045594573021,20
18,0.05325625140381896,0.13492830097675323,20
19,0.05776746060861194,0.13303212821483612,20
20,0.04931459851239039,0.13742120563983917,20
21,0.04964570320494797,0.14203719794750214,20
22,0.04706180937912153,0.12510795891284943,20
23,0.050355256494620575,0.12562070786952972,20
24,0.04958824594707593,0.13727568089962006,20
25,0.04846074990928173,0.1402265578508377,20
26,0.04775912298456482,0.13683335483074188,20
27,0.04811786779243013,0.15948165953159332,20
28,0.046591823272730995,0.14097775518894196,20
29,0.04855441658393196,0.16357864439487457,20
30,0.04852214204552381,0.12482118606567383,20
31,0.044555827651334846,0.13820229470729828,20
32,0.046802894414766975,0.15190623700618744,20
33,0.048333486137182816,0.13078083097934723,20
34,0.047178240816878235,0.12915213406085968,20
1,0.22748216662717902,0.09120029211044312,21
2,0.1218373228026473,0.040674105286598206,21
3,0.10545264476019403,0.035285983234643936,21
4,0.09408698230981827,0.023734604939818382,21
5,0.08903739779539731,0.029338115826249123,21
6,0.07801922394529633,0.02395200915634632,21
7,0.07483519419379857,0.016185911372303963,21
8,0.0696977517851021,0.018475433811545372,21
9,0.06973662373164426,0.01910358853638172,21
10,0.06463210754420447,0.019128192216157913,21
11,0.06318375986555348,0.015342098660767078,21
12,0.06107121074329252,0.021040720865130424,21
13,0.0642288226796233,0.02288336306810379,21
14,0.061362479691920074,0.024300137534737587,21
15,0.058569220178153206,0.017942117527127266,21
16,0.05551836129439914,0.018200354650616646,21
17,0.053739329719025154,0.02456393837928772,21
18,0.04980056311773217,0.018310049548745155,21
19,0.052192330279428024,0.022425683215260506,21
20,0.05029544809266277,0.01783747784793377,21
21,0.05225691021136616,0.017415480688214302,21
22,0.05298166730157707,0.019837046042084694,21
23,0.05117749835809936,0.024355372413992882,21
24,0.045067324181613716,0.023454127833247185,21
25,0.047893120623801064,0.020360462367534637,21
26,0.04755529988071193,0.023416079580783844,21
27,0.047569525711562324,0.0282890722155571,21
28,0.045146069853850036,0.022055717185139656,21
29,0.04772882187819999,0.02599361352622509,21
30,0.04652678513008615,0.028085624799132347,21
31,0.04392218614078086,0.024947037920355797,21
32,0.044031831233397774,0.019703445956110954,21
33,0.04441885350515013,0.021779604256153107,21
34,0.045966879667147346,0.029086224734783173,21
35,0.04839465451305327,0.02697194553911686,21
36,0.046181399861107704,0.028466908261179924,21
37,0.04222318805430247,0.02962581254541874,21
38,0.04091406354437704,0.027851251885294914,21
39,0.042700979858636856,0.055454060435295105,21
1,0.20780903473496437,0.161626935005188,22
2,0.11818947115292151,0.06740578263998032,22
3,0.0947215265283982,0.058240313082933426,22
4,0.08647909108549356,0.07734647393226624,22
5,0.07927235355600715,0.06495728343725204,22
6,0.07783678779378533,0.06235002353787422,22
7,0.07189560091743867,0.06377425789833069,22
8,0.06479206417376797,0.06422828882932663,22
9,0.06419947852070133,0.05330843850970268,22
10,0.06332232942804694,0.0495058111846447,22
11,0.06417752352232735,0.05330770090222359,22
12,0.0602812214444081,0.05847911909222603,22
13,0.05874517932534218,0.058691490441560745,22
14,0.05933202523738146,0.0635380744934082,22
15,0.05498435037831465,0.052615195512771606,22
16,0.05695702042430639,0.041550252586603165,22
17,0.056927553843706846,0.039817072451114655,22
18,0.05066384615687033,0.04354119673371315,22
19,0.05113620567135513,0.043668121099472046,22
20,0.052943355326230325,0.039768144488334656,22
21,0.050826303816090025,0.041721243411302567,22
22,0.04592473626447221,0.047088623046875,22
23,0.04839393147267401,0.06315525621175766,22
24,0.050721465765188135,0.04522499442100525,22
25,0.04648877548364302,0.04728350043296814,22
26,0.04821868295160433,0.06749919801950455,22
27,0.046897747088223696,0.0481560193002224,22
28,0.04361481498926878,0.052863672375679016,22
29,0.04848629740687708,0.06139666959643364,22
30,0.045069539065783225,0.05213591456413269,22
31,0.04678965740216275,0.053793951869010925,22
32,0.04502599220722914,0.057859066873788834,22
33,0.04808982849741975,0.07469938695430756,22
34,0.04303013812750578,0.04764686897397041,22
35,0.0472822905673335,0.051070015877485275,22
36,0.043465167827283345,0.03528011217713356,22
37,0.046046233658368386,0.04037926346063614,22
38,0.041581007186323404,0.042630523443222046,22
39,0.04566274443641305,0.05276428535580635,22
40,0.04292929847724736,0.06928907334804535,22
41,0.044488407438620925,0.05604809522628784,22
42,0.04152297360512117,0.04718898609280586,22
43,0.04388943679320315,0.04788299277424812,22
44,0.04012383349860708,0.051608990877866745,22
45,0.04231819168974956,0.05232236906886101,22
46,0.04252915813898047,0.04830324277281761,22
47,0.03880989970639348,0.06645410507917404,22
48,0.04092389849635462,0.048689085990190506,22
49,0.04071771943320831,0.05117885395884514,22
50,0.04102023822876314,0.04174627736210823,22
51,0.037316980150838695,0.04339875280857086,22
52,0.03733882370094458,0.0378362238407135,22
53,0.03859723537849883,0.05218477547168732,22
54,0.038009204591313996,0.047092124819755554,22
55,0.03647959465160966,0.04348574951291084,22
56,0.03594129680035015,0.045208439230918884,22
57,0.03625473310239613,0.05287742614746094,22
58,0.04035318689420819,0.05225038155913353,22
59,0.03364637835572163,0.03659005090594292,22
60,0.03467249823734164,0.06370102614164352,22
61,0.04016472065510849,0.05272489786148071,22
62,0.03353086245867113,0.049869466572999954,22
63,0.03575525999379655,0.03288143128156662,22
64,0.03757525763163964,0.05520546808838844,22
65,0.04040956706739962,0.05406445637345314,22
66,0.037062344684576,0.04128669202327728,22
67,0.03857029632975658,0.0476594977080822,22
68,0.03678535747652253,0.04605351760983467,22
69,0.03625637168685595,0.04605536535382271,22
70,0.0339297524963816,0.049918413162231445,22
71,0.03526971985896429,0.04612837731838226,22
72,0.03492530342191458,0.04948858544230461,22
73,0.03283999992224077,0.05429892614483833,22
74,0.035461049216488995,0.06662306934595108,22
75,0.03357063854734103,0.04957721009850502,22
76,0.032002693973481655,0.049250874668359756,22
77,0.03650721232406795,0.06571446359157562,22
78,0.033781695761717856,0.03847694396972656,22
79,0.033359872604099415,0.05453423783183098,22
80,0.03438174918604394,0.04658092185854912,22
81,0.03392373203920821,0.04785642400383949,22
82,0.03327333965959648,0.04844685271382332,22
83,0.03351430160303911,0.041834861040115356,22
84,0.03719947231002152,0.05099179223179817,22
85,0.032989738431448735,0.056799739599227905,22
86,0.0360072780555735,0.04842014238238335,22
87,0.03487654814186195,0.04335973039269447,22
88,0.032913499899829425,0.047146037220954895,22
89,0.03386764732810358,0.03973056375980377,22
90,0.03242373978719115,0.0392519012093544,22
91,0.03550026984885335,0.04289165511727333,22
1,0.19066050618886948,0.17500139772891998,23
2,0.10931025981903077,0.08178499341011047,23
3,0.09797920554876327,0.08134482055902481,23
4,0.08376519709825515,0.09306684881448746,23
5,0.07598031520843505,0.09122857451438904,23
6,0.07368278846144677,0.09375844150781631,23
7,0.07157652199268341,0.08579009771347046,23
8,0.06541799649596214,0.10169178247451782,23
9,0.0626569852232933,0.09412219375371933,23
10,0.06258818134665489,0.09220069646835327,23
11,0.06202391266822815,0.09472972899675369,23
12,0.05814261287450791,0.11037229746580124,23
13,0.05566986352205276,0.09417914599180222,23
14,0.05633856803178787,0.11019907146692276,23
15,0.0521543088555336,0.10353004932403564,23
16,0.053792016431689266,0.10664761811494827,23
17,0.052570147216320036,0.09592866152524948,23
18,0.04902287319302559,0.1149899959564209,23
19,0.051683638095855716,0.09865325689315796,23
20,0.04708584450185299,0.10126770287752151,23
21,0.0499987518042326,0.09951672703027725,23
22,0.051134599298238756,0.10138867050409317,23
23,0.055082888454198835,0.10139486938714981,23
24,0.04740164220333099,0.09195028990507126,23
25,0.04770997419953346,0.0931018814444542,23
26,0.04305506311357021,0.09569618850946426,23
27,0.04534685306251049,0.10634931921958923,23
28,0.045819129571318624,0.09132909774780273,23
29,0.04622309260070324,0.09319072216749191,23
30,0.041832586750388145,0.10109762102365494,23
31,0.0435242498666048,0.09862873703241348,23
